BAT究竟需要的是怎样的工程师？,2018-09-10
JS—-this指向（一）,2018-11-28
这样的广告请再来一打  —  background-attachment,2018-11-21
初识 CSS Shapes     —–   （二）,2018-11-15
初识 CSS Shapes,2018-11-13
CSS3– filter(滤镜),2018-11-01
中国首届React开发者大会 8月18日 广州举行,2018-08-14
战狼级干货【从入门到精通前端系列视频教程】免费赠送,2018-04-26
chrome  transition闪烁BUG,2018-03-30
HTML5-语义化,2018-03-26
Windows node版本管理器–nvm,2018-03-24
BAT究竟需要的是怎样的工程师？,2018-09-10
canvas小tip–下载二维码、图片加水印,2018-03-20
分享一个生成二维码的插件–QRCode.js,2018-03-19
推荐一个免费7天天气预报API服务：和风天气 ,2018-01-08
完美快速解决百度分享不支持HTTPS的问题,2017-09-21
腾讯 Web UI 解决方案 QMUI Web —— 探索与沉淀,2017-09-08
JS判断单、多张图片加载完成,2017-08-13
图表库ECharts的使用,2017-08-10
git常用命令,2017-08-02
手写签名插件—jSignature,2017-07-24
css print,2017-07-18
BAT究竟需要的是怎样的工程师？,2018-09-10
必盛互联香港主机–建站首选,2017-06-25
高性价比美国WordPress主机WebHostingPad,2015-12-17
手机移动端WEB资源整合,2015-12-08
2015产品运营年终大会（上海）,2015-12-07
抛弃jQuery，拥抱原生JavaScript,2015-12-03
jQuery事件绑定的最佳实践,2015-11-17
css负边距之详解,2015-11-09
W3C启动Web支付标准工作，推进在线结算流程,2015-10-28
响应式图片解决方案,2015-10-27
W3C 2015年度技术大会暨顾问委员会会议（TPAC2015),2015-10-27
BAT究竟需要的是怎样的工程师？,2018-09-10
WeUI 发布——微信官方UI库,2015-10-23
巧用CSS3的calc()宽度计算做响应模式布局,2015-10-22
CSS实现单行、多行文本溢出显示省略号（…）,2015-10-20
css3技巧——产品列表之鼠标滑过效果translateY(三),2015-10-19
CSS3：linear-gradient切角画册,2015-09-17
CSS3技巧：fit-content水平居中,2015-09-16
css3技巧——产品列表之鼠标滑过效果(二),2015-09-16
css3技巧——产品列表之鼠标滑过效果(一),2015-09-10
Sublime Text 3的Less2Css插件介绍与安装,2015-08-20
CSS3技巧：利用css3径向渐变做一张优惠券,2015-08-14
BAT究竟需要的是怎样的工程师？,2018-09-10
css3使用技巧：细线边框的3种不同的写法,2015-07-30
官方声明：大前端WordPress相关业务宣布themebetter独立运营,2015-07-27
重要声明：有问题你得提工单，邮箱和评论将不支持服务,2015-07-10
大前端工单服务系统上线 欢迎这里来问答,2015-07-02
对这段时间的大前端有个交代,2015-06-11
大前端和阿里百秀背后的团队,2015-04-01
选购美国主机不再是问题！,2015-02-28
羊年来到，全新一年，全新开始，不断改变，不断接纳,2015-02-18
ProcessOn 新增Mind功能，支持在线做思维导图,2014-12-30
如果你足够坚决，如果你决定要改变,2014-12-02
BAT究竟需要的是怎样的工程师？,2018-09-10
推荐有道云协作，让团队思维更具逻辑,2014-12-01
如果老婆和妈同时掉水里，你可以选择大数据,2014-11-28
从下载看我们该如何做事,2014-11-27
推荐罗胖（罗振宇）自媒体对读书的态度,2014-11-26
不要再滥用主机时说没钱,2014-11-25
互评推广模式将被软硬广告取代,2014-11-24
个人站难突破，团队化是新动力,2014-11-23
再行郑州有感：无感,2014-11-05
你是否希望大前端做服务器合租代管服务？,2014-10-22
有效防止百度移动搜索转码,2014-10-16
BAT究竟需要的是怎样的工程师？,2018-09-10
阿里苦逼前端发活动数据造假感慨，想说：不是谁的错,2014-10-15
推荐百度静态资源公共库，多CDN节点提供加速保障,2014-10-13
浩子近期的行走江湖,2014-04-27
HTML5绘制上海地铁线路图,2014-03-25
QCon 2014 全球软件开发大会 北京站 4月25-27日,2014-03-08
想好了就去做，当你还敢的时候,2014-02-24
ProcessOn 努力成为操作简单的UI原型图解决方案,2013-12-10
IE11很是生猛：前端们应该关注最近浏览器市场占有率,2013-11-12
站点多处改造 只为速度和体验,2013-11-07
非诚勿扰 – 推荐功能的应用规范,2013-11-04
BAT究竟需要的是怎样的工程师？,2018-09-10
细节思考交互设计之浮动条,2013-10-25
隐藏功能之番外篇,2013-10-25
2013 Ctrip UED 大会（上海）,2013-10-24
隐藏功能是彩蛋还是浪费,2013-10-16
推荐使用的版本号控制方式,2013-10-12
交互设计——夹缝中求生存,2013-10-08
D8主题本周发布重要更新 征集Bug,2013-09-24
关于企业网站建站的一些想法,2013-09-10
ProcessOn 划时代性的在线作图工具,2013-08-29
2013中国开发者大会北京站报名开始 主题移动和游戏,2013-08-23
BAT究竟需要的是怎样的工程师？,2018-09-10
LESS/Sass 编译工具Koala介绍,2013-06-05
如何搭建WordPress网站,2013-03-28
最近和将近的一些事儿 另送主题优惠券20枚,2013-03-25
微软经理Philip Su的离职信：回首12年职场生涯的心得和随笔,2013-03-05
大前端优惠券和站内信上线 另送上10枚特价优惠券代码,2013-01-10
关闭/显示侧边栏简洁版(适用于大前端主题),2012-12-26
大前端投稿功能上线 来发你的文章吧,2012-12-22
JavaScript实现360度全景图片展示效果,2012-12-21
Sublime Text 使用介绍、全套快捷键及插件推荐,2012-11-27
20个优秀的投资组合和设计机构网站,2012-11-14
BAT究竟需要的是怎样的工程师？,2018-09-10
50个优秀的web配色界面分享,2012-11-09
CSS创建三角形（小三角）的几种方法,2012-10-17
66个漂亮的免费日历PSD设计稿下载,2012-10-10
25个漂亮的响应式布局的web设计,2012-09-22
IOS下移除按钮原生样式 -webkit-appearance,2012-09-14
推荐25个优秀的报价页面设计,2012-09-13
2012 webrebuild年会上海站开始报名[分享内容已更新],2012-09-07
强烈推荐一款Chrome插件DownFaster 一键下载网页资源,2012-09-06
PHP邮件mail()函数解析和SMTP使用方法及乱码问题,2012-09-03
CSS3 iphone式开关的推荐写法,2012-08-29
BAT究竟需要的是怎样的工程师？,2018-09-10
JS—-this指向（一）,2018-11-28
这样的广告请再来一打  —  background-attachment,2018-11-21
初识 CSS Shapes     —–   （二）,2018-11-15
初识 CSS Shapes,2018-11-13
CSS3– filter(滤镜),2018-11-01
中国首届React开发者大会 8月18日 广州举行,2018-08-14
战狼级干货【从入门到精通前端系列视频教程】免费赠送,2018-04-26
chrome  transition闪烁BUG,2018-03-30
HTML5-语义化,2018-03-26
Windows node版本管理器–nvm,2018-03-24
BAT究竟需要的是怎样的工程师？,2018-09-10
canvas小tip–下载二维码、图片加水印,2018-03-20
分享一个生成二维码的插件–QRCode.js,2018-03-19
推荐一个免费7天天气预报API服务：和风天气 ,2018-01-08
完美快速解决百度分享不支持HTTPS的问题,2017-09-21
腾讯 Web UI 解决方案 QMUI Web —— 探索与沉淀,2017-09-08
JS判断单、多张图片加载完成,2017-08-13
图表库ECharts的使用,2017-08-10
git常用命令,2017-08-02
手写签名插件—jSignature,2017-07-24
css print,2017-07-18
BAT究竟需要的是怎样的工程师？,2018-09-10
必盛互联香港主机–建站首选,2017-06-25
高性价比美国WordPress主机WebHostingPad,2015-12-17
手机移动端WEB资源整合,2015-12-08
2015产品运营年终大会（上海）,2015-12-07
抛弃jQuery，拥抱原生JavaScript,2015-12-03
jQuery事件绑定的最佳实践,2015-11-17
css负边距之详解,2015-11-09
W3C启动Web支付标准工作，推进在线结算流程,2015-10-28
响应式图片解决方案,2015-10-27
W3C 2015年度技术大会暨顾问委员会会议（TPAC2015),2015-10-27
BAT究竟需要的是怎样的工程师？,2018-09-10
WeUI 发布——微信官方UI库,2015-10-23
巧用CSS3的calc()宽度计算做响应模式布局,2015-10-22
CSS实现单行、多行文本溢出显示省略号（…）,2015-10-20
css3技巧——产品列表之鼠标滑过效果translateY(三),2015-10-19
CSS3：linear-gradient切角画册,2015-09-17
CSS3技巧：fit-content水平居中,2015-09-16
css3技巧——产品列表之鼠标滑过效果(二),2015-09-16
css3技巧——产品列表之鼠标滑过效果(一),2015-09-10
Sublime Text 3的Less2Css插件介绍与安装,2015-08-20
CSS3技巧：利用css3径向渐变做一张优惠券,2015-08-14
BAT究竟需要的是怎样的工程师？,2018-09-10
css3使用技巧：细线边框的3种不同的写法,2015-07-30
官方声明：大前端WordPress相关业务宣布themebetter独立运营,2015-07-27
重要声明：有问题你得提工单，邮箱和评论将不支持服务,2015-07-10
大前端工单服务系统上线 欢迎这里来问答,2015-07-02
对这段时间的大前端有个交代,2015-06-11
大前端和阿里百秀背后的团队,2015-04-01
选购美国主机不再是问题！,2015-02-28
羊年来到，全新一年，全新开始，不断改变，不断接纳,2015-02-18
ProcessOn 新增Mind功能，支持在线做思维导图,2014-12-30
如果你足够坚决，如果你决定要改变,2014-12-02
BAT究竟需要的是怎样的工程师？,2018-09-10
推荐有道云协作，让团队思维更具逻辑,2014-12-01
如果老婆和妈同时掉水里，你可以选择大数据,2014-11-28
从下载看我们该如何做事,2014-11-27
推荐罗胖（罗振宇）自媒体对读书的态度,2014-11-26
不要再滥用主机时说没钱,2014-11-25
互评推广模式将被软硬广告取代,2014-11-24
个人站难突破，团队化是新动力,2014-11-23
再行郑州有感：无感,2014-11-05
你是否希望大前端做服务器合租代管服务？,2014-10-22
有效防止百度移动搜索转码,2014-10-16
BAT究竟需要的是怎样的工程师？,2018-09-10
阿里苦逼前端发活动数据造假感慨，想说：不是谁的错,2014-10-15
推荐百度静态资源公共库，多CDN节点提供加速保障,2014-10-13
浩子近期的行走江湖,2014-04-27
HTML5绘制上海地铁线路图,2014-03-25
QCon 2014 全球软件开发大会 北京站 4月25-27日,2014-03-08
想好了就去做，当你还敢的时候,2014-02-24
ProcessOn 努力成为操作简单的UI原型图解决方案,2013-12-10
IE11很是生猛：前端们应该关注最近浏览器市场占有率,2013-11-12
站点多处改造 只为速度和体验,2013-11-07
非诚勿扰 – 推荐功能的应用规范,2013-11-04
BAT究竟需要的是怎样的工程师？,2018-09-10
细节思考交互设计之浮动条,2013-10-25
隐藏功能之番外篇,2013-10-25
2013 Ctrip UED 大会（上海）,2013-10-24
隐藏功能是彩蛋还是浪费,2013-10-16
推荐使用的版本号控制方式,2013-10-12
交互设计——夹缝中求生存,2013-10-08
D8主题本周发布重要更新 征集Bug,2013-09-24
关于企业网站建站的一些想法,2013-09-10
ProcessOn 划时代性的在线作图工具,2013-08-29
2013中国开发者大会北京站报名开始 主题移动和游戏,2013-08-23
BAT究竟需要的是怎样的工程师？,2018-09-10
LESS/Sass 编译工具Koala介绍,2013-06-05
如何搭建WordPress网站,2013-03-28
最近和将近的一些事儿 另送主题优惠券20枚,2013-03-25
微软经理Philip Su的离职信：回首12年职场生涯的心得和随笔,2013-03-05
大前端优惠券和站内信上线 另送上10枚特价优惠券代码,2013-01-10
关闭/显示侧边栏简洁版(适用于大前端主题),2012-12-26
大前端投稿功能上线 来发你的文章吧,2012-12-22
JavaScript实现360度全景图片展示效果,2012-12-21
Sublime Text 使用介绍、全套快捷键及插件推荐,2012-11-27
20个优秀的投资组合和设计机构网站,2012-11-14
BAT究竟需要的是怎样的工程师？,2018-09-10
50个优秀的web配色界面分享,2012-11-09
CSS创建三角形（小三角）的几种方法,2012-10-17
66个漂亮的免费日历PSD设计稿下载,2012-10-10
25个漂亮的响应式布局的web设计,2012-09-22
IOS下移除按钮原生样式 -webkit-appearance,2012-09-14
推荐25个优秀的报价页面设计,2012-09-13
2012 webrebuild年会上海站开始报名[分享内容已更新],2012-09-07
强烈推荐一款Chrome插件DownFaster 一键下载网页资源,2012-09-06
PHP邮件mail()函数解析和SMTP使用方法及乱码问题,2012-09-03
CSS3 iphone式开关的推荐写法,2012-08-29
BAT究竟需要的是怎样的工程师？,2018-09-10
JS—-this指向（一）,2018-11-28
这样的广告请再来一打  —  background-attachment,2018-11-21
初识 CSS Shapes     —–   （二）,2018-11-15
初识 CSS Shapes,2018-11-13
CSS3– filter(滤镜),2018-11-01
中国首届React开发者大会 8月18日 广州举行,2018-08-14
战狼级干货【从入门到精通前端系列视频教程】免费赠送,2018-04-26
chrome  transition闪烁BUG,2018-03-30
HTML5-语义化,2018-03-26
Windows node版本管理器–nvm,2018-03-24
BAT究竟需要的是怎样的工程师？,2018-09-10
canvas小tip–下载二维码、图片加水印,2018-03-20
分享一个生成二维码的插件–QRCode.js,2018-03-19
推荐一个免费7天天气预报API服务：和风天气 ,2018-01-08
完美快速解决百度分享不支持HTTPS的问题,2017-09-21
腾讯 Web UI 解决方案 QMUI Web —— 探索与沉淀,2017-09-08
JS判断单、多张图片加载完成,2017-08-13
图表库ECharts的使用,2017-08-10
git常用命令,2017-08-02
手写签名插件—jSignature,2017-07-24
css print,2017-07-18
BAT究竟需要的是怎样的工程师？,2018-09-10
必盛互联香港主机–建站首选,2017-06-25
高性价比美国WordPress主机WebHostingPad,2015-12-17
手机移动端WEB资源整合,2015-12-08
2015产品运营年终大会（上海）,2015-12-07
抛弃jQuery，拥抱原生JavaScript,2015-12-03
jQuery事件绑定的最佳实践,2015-11-17
css负边距之详解,2015-11-09
W3C启动Web支付标准工作，推进在线结算流程,2015-10-28
响应式图片解决方案,2015-10-27
W3C 2015年度技术大会暨顾问委员会会议（TPAC2015),2015-10-27
BAT究竟需要的是怎样的工程师？,2018-09-10
WeUI 发布——微信官方UI库,2015-10-23
巧用CSS3的calc()宽度计算做响应模式布局,2015-10-22
CSS实现单行、多行文本溢出显示省略号（…）,2015-10-20
css3技巧——产品列表之鼠标滑过效果translateY(三),2015-10-19
CSS3：linear-gradient切角画册,2015-09-17
CSS3技巧：fit-content水平居中,2015-09-16
css3技巧——产品列表之鼠标滑过效果(二),2015-09-16
css3技巧——产品列表之鼠标滑过效果(一),2015-09-10
Sublime Text 3的Less2Css插件介绍与安装,2015-08-20
CSS3技巧：利用css3径向渐变做一张优惠券,2015-08-14
BAT究竟需要的是怎样的工程师？,2018-09-10
css3使用技巧：细线边框的3种不同的写法,2015-07-30
官方声明：大前端WordPress相关业务宣布themebetter独立运营,2015-07-27
重要声明：有问题你得提工单，邮箱和评论将不支持服务,2015-07-10
大前端工单服务系统上线 欢迎这里来问答,2015-07-02
对这段时间的大前端有个交代,2015-06-11
大前端和阿里百秀背后的团队,2015-04-01
选购美国主机不再是问题！,2015-02-28
羊年来到，全新一年，全新开始，不断改变，不断接纳,2015-02-18
ProcessOn 新增Mind功能，支持在线做思维导图,2014-12-30
如果你足够坚决，如果你决定要改变,2014-12-02
BAT究竟需要的是怎样的工程师？,2018-09-10
推荐有道云协作，让团队思维更具逻辑,2014-12-01
如果老婆和妈同时掉水里，你可以选择大数据,2014-11-28
从下载看我们该如何做事,2014-11-27
推荐罗胖（罗振宇）自媒体对读书的态度,2014-11-26
不要再滥用主机时说没钱,2014-11-25
互评推广模式将被软硬广告取代,2014-11-24
个人站难突破，团队化是新动力,2014-11-23
再行郑州有感：无感,2014-11-05
你是否希望大前端做服务器合租代管服务？,2014-10-22
有效防止百度移动搜索转码,2014-10-16
BAT究竟需要的是怎样的工程师？,2018-09-10
阿里苦逼前端发活动数据造假感慨，想说：不是谁的错,2014-10-15
推荐百度静态资源公共库，多CDN节点提供加速保障,2014-10-13
浩子近期的行走江湖,2014-04-27
HTML5绘制上海地铁线路图,2014-03-25
QCon 2014 全球软件开发大会 北京站 4月25-27日,2014-03-08
想好了就去做，当你还敢的时候,2014-02-24
ProcessOn 努力成为操作简单的UI原型图解决方案,2013-12-10
IE11很是生猛：前端们应该关注最近浏览器市场占有率,2013-11-12
站点多处改造 只为速度和体验,2013-11-07
非诚勿扰 – 推荐功能的应用规范,2013-11-04
BAT究竟需要的是怎样的工程师？,2018-09-10
细节思考交互设计之浮动条,2013-10-25
隐藏功能之番外篇,2013-10-25
2013 Ctrip UED 大会（上海）,2013-10-24
隐藏功能是彩蛋还是浪费,2013-10-16
推荐使用的版本号控制方式,2013-10-12
交互设计——夹缝中求生存,2013-10-08
D8主题本周发布重要更新 征集Bug,2013-09-24
关于企业网站建站的一些想法,2013-09-10
ProcessOn 划时代性的在线作图工具,2013-08-29
2013中国开发者大会北京站报名开始 主题移动和游戏,2013-08-23
BAT究竟需要的是怎样的工程师？,2018-09-10
LESS/Sass 编译工具Koala介绍,2013-06-05
如何搭建WordPress网站,2013-03-28
最近和将近的一些事儿 另送主题优惠券20枚,2013-03-25
微软经理Philip Su的离职信：回首12年职场生涯的心得和随笔,2013-03-05
大前端优惠券和站内信上线 另送上10枚特价优惠券代码,2013-01-10
关闭/显示侧边栏简洁版(适用于大前端主题),2012-12-26
大前端投稿功能上线 来发你的文章吧,2012-12-22
JavaScript实现360度全景图片展示效果,2012-12-21
Sublime Text 使用介绍、全套快捷键及插件推荐,2012-11-27
20个优秀的投资组合和设计机构网站,2012-11-14
BAT究竟需要的是怎样的工程师？,2018-09-10
50个优秀的web配色界面分享,2012-11-09
CSS创建三角形（小三角）的几种方法,2012-10-17
66个漂亮的免费日历PSD设计稿下载,2012-10-10
25个漂亮的响应式布局的web设计,2012-09-22
IOS下移除按钮原生样式 -webkit-appearance,2012-09-14
推荐25个优秀的报价页面设计,2012-09-13
2012 webrebuild年会上海站开始报名[分享内容已更新],2012-09-07
强烈推荐一款Chrome插件DownFaster 一键下载网页资源,2012-09-06
PHP邮件mail()函数解析和SMTP使用方法及乱码问题,2012-09-03
CSS3 iphone式开关的推荐写法,2012-08-29
BAT究竟需要的是怎样的工程师？,2018-09-10
JS—-this指向（一）,2018-11-28
这样的广告请再来一打  —  background-attachment,2018-11-21
初识 CSS Shapes     —–   （二）,2018-11-15
初识 CSS Shapes,2018-11-13
CSS3– filter(滤镜),2018-11-01
中国首届React开发者大会 8月18日 广州举行,2018-08-14
战狼级干货【从入门到精通前端系列视频教程】免费赠送,2018-04-26
chrome  transition闪烁BUG,2018-03-30
HTML5-语义化,2018-03-26
Windows node版本管理器–nvm,2018-03-24
BAT究竟需要的是怎样的工程师？,2018-09-10
canvas小tip–下载二维码、图片加水印,2018-03-20
分享一个生成二维码的插件–QRCode.js,2018-03-19
推荐一个免费7天天气预报API服务：和风天气 ,2018-01-08
完美快速解决百度分享不支持HTTPS的问题,2017-09-21
腾讯 Web UI 解决方案 QMUI Web —— 探索与沉淀,2017-09-08
JS判断单、多张图片加载完成,2017-08-13
图表库ECharts的使用,2017-08-10
git常用命令,2017-08-02
手写签名插件—jSignature,2017-07-24
css print,2017-07-18
BAT究竟需要的是怎样的工程师？,2018-09-10
必盛互联香港主机–建站首选,2017-06-25
高性价比美国WordPress主机WebHostingPad,2015-12-17
手机移动端WEB资源整合,2015-12-08
2015产品运营年终大会（上海）,2015-12-07
抛弃jQuery，拥抱原生JavaScript,2015-12-03
jQuery事件绑定的最佳实践,2015-11-17
css负边距之详解,2015-11-09
W3C启动Web支付标准工作，推进在线结算流程,2015-10-28
响应式图片解决方案,2015-10-27
W3C 2015年度技术大会暨顾问委员会会议（TPAC2015),2015-10-27
BAT究竟需要的是怎样的工程师？,2018-09-10
WeUI 发布——微信官方UI库,2015-10-23
巧用CSS3的calc()宽度计算做响应模式布局,2015-10-22
CSS实现单行、多行文本溢出显示省略号（…）,2015-10-20
css3技巧——产品列表之鼠标滑过效果translateY(三),2015-10-19
CSS3：linear-gradient切角画册,2015-09-17
CSS3技巧：fit-content水平居中,2015-09-16
css3技巧——产品列表之鼠标滑过效果(二),2015-09-16
css3技巧——产品列表之鼠标滑过效果(一),2015-09-10
Sublime Text 3的Less2Css插件介绍与安装,2015-08-20
CSS3技巧：利用css3径向渐变做一张优惠券,2015-08-14
BAT究竟需要的是怎样的工程师？,2018-09-10
css3使用技巧：细线边框的3种不同的写法,2015-07-30
官方声明：大前端WordPress相关业务宣布themebetter独立运营,2015-07-27
重要声明：有问题你得提工单，邮箱和评论将不支持服务,2015-07-10
大前端工单服务系统上线 欢迎这里来问答,2015-07-02
对这段时间的大前端有个交代,2015-06-11
大前端和阿里百秀背后的团队,2015-04-01
选购美国主机不再是问题！,2015-02-28
羊年来到，全新一年，全新开始，不断改变，不断接纳,2015-02-18
ProcessOn 新增Mind功能，支持在线做思维导图,2014-12-30
如果你足够坚决，如果你决定要改变,2014-12-02
BAT究竟需要的是怎样的工程师？,2018-09-10
推荐有道云协作，让团队思维更具逻辑,2014-12-01
如果老婆和妈同时掉水里，你可以选择大数据,2014-11-28
从下载看我们该如何做事,2014-11-27
推荐罗胖（罗振宇）自媒体对读书的态度,2014-11-26
不要再滥用主机时说没钱,2014-11-25
互评推广模式将被软硬广告取代,2014-11-24
个人站难突破，团队化是新动力,2014-11-23
再行郑州有感：无感,2014-11-05
你是否希望大前端做服务器合租代管服务？,2014-10-22
有效防止百度移动搜索转码,2014-10-16
BAT究竟需要的是怎样的工程师？,2018-09-10
阿里苦逼前端发活动数据造假感慨，想说：不是谁的错,2014-10-15
推荐百度静态资源公共库，多CDN节点提供加速保障,2014-10-13
浩子近期的行走江湖,2014-04-27
HTML5绘制上海地铁线路图,2014-03-25
QCon 2014 全球软件开发大会 北京站 4月25-27日,2014-03-08
想好了就去做，当你还敢的时候,2014-02-24
ProcessOn 努力成为操作简单的UI原型图解决方案,2013-12-10
IE11很是生猛：前端们应该关注最近浏览器市场占有率,2013-11-12
站点多处改造 只为速度和体验,2013-11-07
非诚勿扰 – 推荐功能的应用规范,2013-11-04
BAT究竟需要的是怎样的工程师？,2018-09-10
细节思考交互设计之浮动条,2013-10-25
隐藏功能之番外篇,2013-10-25
2013 Ctrip UED 大会（上海）,2013-10-24
隐藏功能是彩蛋还是浪费,2013-10-16
推荐使用的版本号控制方式,2013-10-12
交互设计——夹缝中求生存,2013-10-08
D8主题本周发布重要更新 征集Bug,2013-09-24
关于企业网站建站的一些想法,2013-09-10
ProcessOn 划时代性的在线作图工具,2013-08-29
2013中国开发者大会北京站报名开始 主题移动和游戏,2013-08-23
BAT究竟需要的是怎样的工程师？,2018-09-10
LESS/Sass 编译工具Koala介绍,2013-06-05
如何搭建WordPress网站,2013-03-28
最近和将近的一些事儿 另送主题优惠券20枚,2013-03-25
微软经理Philip Su的离职信：回首12年职场生涯的心得和随笔,2013-03-05
大前端优惠券和站内信上线 另送上10枚特价优惠券代码,2013-01-10
关闭/显示侧边栏简洁版(适用于大前端主题),2012-12-26
大前端投稿功能上线 来发你的文章吧,2012-12-22
JavaScript实现360度全景图片展示效果,2012-12-21
Sublime Text 使用介绍、全套快捷键及插件推荐,2012-11-27
20个优秀的投资组合和设计机构网站,2012-11-14
BAT究竟需要的是怎样的工程师？,2018-09-10
50个优秀的web配色界面分享,2012-11-09
CSS创建三角形（小三角）的几种方法,2012-10-17
66个漂亮的免费日历PSD设计稿下载,2012-10-10
25个漂亮的响应式布局的web设计,2012-09-22
IOS下移除按钮原生样式 -webkit-appearance,2012-09-14
推荐25个优秀的报价页面设计,2012-09-13
2012 webrebuild年会上海站开始报名[分享内容已更新],2012-09-07
强烈推荐一款Chrome插件DownFaster 一键下载网页资源,2012-09-06
PHP邮件mail()函数解析和SMTP使用方法及乱码问题,2012-09-03
CSS3 iphone式开关的推荐写法,2012-08-29
